COMMODITY,COUNTRY,YEAR,VALUE,QUANTITY
Telecom Instruments,USA,2020,154.8197265881661,298.1938567668448
"Drug Formulations, Biologicals",USA,2018,368.6770314875885,515.4059649867286
Motor Vehicles/Cars,Nepal,2018,86.44913381679389,63.45295365324338
Telecom Instruments,USA,2018,38.460969962417735,69.2014470684277
"Drug Formulations, Biologicals",China,2018,304.54635575417234,475.73456264295874
Iron And Steel,Germany,2023,26.112322866426158,51.04606024968557
Iron And Steel,UAE,2022,501.47627279064795,410.46267508125817
"Drug Formulations, Biologicals",Nepal,2024,138.73192750407102,107.5320554993949
Marine Products,Germany,2020,127.2629592401388,163.80456417479064
"Drug Formulations, Biologicals",UAE,2024,310.31428278849137,290.71598404574223
"Drug Formulations, Biologicals",USA,2018,309.8079184139659,219.72841310718832
"Pearl, Precious, Semiconducting Stones",Netherlands,2020,122.52070222580551,128.5907165765282
Marine Products,Germany,2022,280.1691507196171,470.0576987632178
Petroleum Products,Saudi Arabia,2018,269.60038314399065,342.75689400521213
Iron And Steel,Bangladesh,2022,360.33976649088095,205.27677955483398
Electric Machinery And Equipme,Netherlands,2019,307.6969774317048,232.55312487250708
Motor Vehicles/Cars,USA,2019,41.87528056278696,80.53991242307474
Gold And Oth Precious Metal Jewelry,Saudi Arabia,2024,676.4235746891477,1158.4403233178198
"Drug Formulations, Biologicals",USA,2020,127.40859751596132,82.37069935093933
"Pearl, Precious, Semiconducting Stones",Bangladesh,2019,345.2741829909569,400.5970304965381
"Pearl, Precious, Semiconducting Stones",UAE,2020,55.83898805915331,69.39476038588413
Motor Vehicles/Cars,Germany,2018,26.850375346457014,50.04857883223827
Telecom Instruments,USA,2023,177.84284827921078,265.6586992865474
"Drug Formulations, Biologicals",China,2020,130.1907418270491,166.65743313002156
"Aluminium, Products Of Alumin",UK,2022,333.4656442538484,259.19673728444553
"Drug Formulations, Biologicals",UAE,2024,679.1350546464871,1129.1973358506982
Gold And Oth Precious Metal Jewelry,UAE,2018,470.35448136645266,866.506322167597
Marine Products,Netherlands,2018,302.9709896174317,570.4372187403657
"Drug Formulations, Biologicals",Saudi Arabia,2023,69.36972380707272,55.077777458939806
"Drug Formulations, Biologicals",UK,2021,35.37750872278002,34.95281928293345
Electric Machinery And Equipme,UK,2019,200.45187194784617,181.81456802939263
"Drug Formulations, Biologicals",u.s.a.,2022,,
Iron And Steel,Germany,2021,162.42370072149825,213.43190965118612
Electric Machinery And Equipme,Netherlands,2019,79.0528702376337,134.6503958556728
"Aluminium, Products Of Alumin",u.a.e.,2021,51.182796943396475,101.35884899487054
Petroleum Products,USA,2018,970.9998423884053,774.9292643688816
Petroleum Products,USA,2023,41.29397151933682,71.15744726226588
"Pearl, Precious, Semiconducting Stones",USA,2021,391.99610833386566,624.650013396272
Telecom Instruments,China,2020,310.3379759008908,189.63728896861136
"Aluminium, Products Of Alumin",Nepal,2018,185.64820698669357,125.09042821245899
Motor Vehicles/Cars,USA,2022,519.504814414849,745.4619737614347
Gold And Oth Precious Metal Jewelry,Bangladesh,2020,137.7120257422385,81.98513662720389
Petroleum Products,China,2021,446.54867851185486,441.0896133436357
Petroleum Products,Germany,2023,1194.3978390033672,1739.44481854236
"Drug Formulations, Biologicals",China,2019,444.7342438624,537.382343454859
Iron And Steel,USA,2023,89.18153466269818,140.00316440342357
"Drug Formulations, Biologicals",UK,2022,459.3416085867357,616.3977604853089
Petroleum Products,Netherlands,2019,969.4347954443372,1202.77134715141
Iron And Steel,Bangladesh,2022,319.3669036766125,364.49712868017986
Electric Machinery And Equipme,Singapore,2021,24.700909315067307,16.34797918858588
Petroleum Products,Saudi Arabia,2024,88.90105345274924,129.31686071084582
Marine Products,UAE,2019,164.03443072740006,207.1518710784636
Electric Machinery And Equipme,Saudi Arabia,2018,454.7075722237856,397.3863825477036
Gold And Oth Precious Metal Jewelry,Bangladesh,2024,295.522685202442,482.685094506227
Iron And Steel,USA,2023,158.74443141816351,97.70241373367163
Iron And Steel,Singapore,2020,121.58256954219708,90.19383232496233
Iron And Steel,UK,2019,465.5518496478608,797.108830990449
Electric Machinery And Equipme,Germany,2023,416.4781928971397,752.6555941222531
"Drug Formulations, Biologicals",UAE,2023,524.939112984736,409.37643832408645
Telecom Instruments,China,2022,536.8246911121068,702.710694186174
"Pearl, Precious, Semiconducting Stones",UAE,2018,405.64567603039063,748.0661797288207
"Drug Formulations, Biologicals",Singapore,2019,165.8217027362133,110.28434763997154
Telecom Instruments,USA,2023,158.19469853921686,180.4466310678317
Telecom Instruments,UAE,2018,410.8272353020216,735.830966439661
Marine Products,USA,2019,13.406543960283445,16.974306227045208
"Drug Formulations, Biologicals",China,2022,257.43766985148204,214.4872107008401
Petroleum Products,Saudi Arabia,2022,206.2020899805137,207.52647591909306
Telecom Instruments,UAE,2021,519.2283304088479,511.3383433689956
Marine Products,UAE,2018,264.2074046542494,410.7179241557658
Motor Vehicles/Cars,Netherlands,2021,206.99635568243949,405.23120230231444
"Pearl, Precious, Semiconducting Stones",Germany,2023,,
Motor Vehicles/Cars,UK,2018,253.65176788726887,241.30335674956999
"Pearl, Precious, Semiconducting Stones",Netherlands,2024,209.40057914294277,116.286511779753
Petroleum Products,UAE,2022,926.0595709504485,1161.2958663408892
"Pearl, Precious, Semiconducting Stones",Netherlands,2020,28.17967048999583,25.86808356308309
"Pearl, Precious, Semiconducting Stones",Nepal,2018,455.05028412366033,391.04420168164074
"Pearl, Precious, Semiconducting Stones",u.s.a.,2022,,
Petroleum Products,UK,2022,1478.906167542583,1276.41863465812
Marine Products,Saudi Arabia,2024,475.08498552043267,780.2935586409983
Marine Products,USA,2021,139.08663621190342,221.47106165035925
Iron And Steel,Nepal,2018,190.21373503243407,275.51674809620243
Petroleum Products,USA,2021,881.1812852503057,1148.762579701511
"Drug Formulations, Biologicals",Bangladesh,2021,59.66618605932608,104.59206420613334
"Drug Formulations, Biologicals",Germany,2023,217.33690138699572,169.47448334593153
"Aluminium, Products Of Alumin",Singapore,2023,38.97376517038462,54.03086679817624
Iron And Steel,UAE,2019,342.00653730271836,179.51298755083812
"Aluminium, Products Of Alumin",Singapore,2022,313.1107182799772,262.9327414293985
Petroleum Products,UAE,2018,815.3366682515762,620.9193490455701
Telecom Instruments,China,2024,487.98328833829163,527.0722231757221
Iron And Steel,USA,2022,562.7972333771999,397.49322703377806
Petroleum Products,UAE,2022,531.36753604388,356.1279861036921
Petroleum Products,Nepal,2021,1273.5246506303633,2312.7322655633557
Petroleum Products,Nepal,2019,340.9784939510656,508.0497960482305
Telecom Instruments,USA,2018,410.43887809859575,547.0334363977676
"Pearl, Precious, Semiconducting Stones",Singapore,2022,323.4345400733318,279.05234674626973
"Drug Formulations, Biologicals",UAE,2023,72.3064630923578,133.46497867867998
Motor Vehicles/Cars,UAE,2021,496.32533281103514,719.4991036319766
Petroleum Products,UK,2021,484.34264343812424,495.87695444176074
"Drug Formulations, Biologicals",Germany,2018,365.71828264641726,674.9935767447148
Petroleum Products,UK,2022,1334.0170436697224,2227.559427007809
"Aluminium, Products Of Alumin",USA,2019,324.595506615601,203.26493515408072
Iron And Steel,USA,2020,,
Electric Machinery And Equipme,Nepal,2020,245.72019138655924,126.24994761842508
"Drug Formulations, Biologicals",China,2022,71.66526720522687,107.15768096401779
Motor Vehicles/Cars,UK,2024,17.47224651850602,12.950640134043702
Motor Vehicles/Cars,USA,2024,390.43137950547805,600.4220845152996
Iron And Steel,Saudi Arabia,2018,329.46101715627424,275.562500795854
Electric Machinery And Equipme,USA,2018,358.96781846029256,307.23109028577835
Electric Machinery And Equipme,Germany,2019,169.44585209804117,274.45773438515204
"Drug Formulations, Biologicals",UK,2023,426.81615669307575,757.1014867079048
"Drug Formulations, Biologicals",Germany,2024,465.1224441180355,629.0608519540704
"Drug Formulations, Biologicals",China,2024,78.26089073007144,82.2970947894679
Petroleum Products,UK,2024,489.82206057415914,424.178295105125
"Drug Formulations, Biologicals",USA,2024,681.4852405601777,742.5780664673674
Petroleum Products,Saudi Arabia,2019,1117.7570300919638,1617.0679693025168
Gold And Oth Precious Metal Jewelry,Singapore,2021,439.40329260894856,550.9922368511924
Iron And Steel,USA,2023,380.4877745069907,471.3393290931778
Electric Machinery And Equipme,Singapore,2024,147.93668962945853,234.28410633610994
"Pearl, Precious, Semiconducting Stones",Singapore,2021,162.33630335562128,87.08919783231303
Petroleum Products,UAE,2024,1141.9849874807928,874.3790992484567
"Aluminium, Products Of Alumin",USA,2020,376.65976506634246,727.2896530889686
"Drug Formulations, Biologicals",UAE,2018,458.2835512080198,483.5982410994249
"Pearl, Precious, Semiconducting Stones",Singapore,2024,24.603238938803056,46.56108457940954
"Pearl, Precious, Semiconducting Stones",UK,2019,219.81023267548403,428.6260473740424
Electric Machinery And Equipme,UAE,2019,482.1737887737339,858.035095890642
"Aluminium, Products Of Alumin",Bangladesh,2021,169.7079528255067,182.8851971509313
Petroleum Products,Germany,2020,854.1139380865197,833.0882218787168
Gold And Oth Precious Metal Jewelry,Netherlands,2023,120.96687963904091,161.51520676751835
Marine Products,Bangladesh,2020,374.97267147102616,578.9745641594877
Petroleum Products,Germany,2021,795.6574266954193,513.8075118011094
Electric Machinery And Equipme,Nepal,2019,311.35354108259315,618.0619286799225
Petroleum Products,Nepal,2020,157.28233493179354,200.9273144481268
"Drug Formulations, Biologicals",Bangladesh,2019,439.9128052446982,708.7668036325836
"Drug Formulations, Biologicals",UK,2021,386.6914843964495,600.8126620010078
"Drug Formulations, Biologicals",Nepal,2024,260.61092973675204,245.075330113722
"Drug Formulations, Biologicals",UK,2021,447.2456628029189,767.1023846246787
Motor Vehicles/Cars,Nepal,2020,347.8923488834007,650.5102758283687
Electric Machinery And Equipme,USA,2020,208.44622035348763,261.03187428659277
Petroleum Products,Saudi Arabia,2020,802.3292753874398,1183.3922721070644
Petroleum Products,Singapore,2020,707.9275397125493,1199.0090897490463
Motor Vehicles/Cars,UAE,2022,535.3231409887289,539.0665140014779
"Aluminium, Products Of Alumin",USA,2022,232.84277615228706,149.24591174723128
Petroleum Products,USA,2021,806.7324899923444,446.85994505022074
Petroleum Products,Saudi Arabia,2022,714.4290866547163,938.7362094556825
Motor Vehicles/Cars,Saudi Arabia,2023,195.5267776057172,271.0489741148652
Motor Vehicles/Cars,Netherlands,2018,24.94512247013422,13.870043948647373
"Aluminium, Products Of Alumin",Saudi Arabia,2022,495.689129667879,515.6584431674355
"Drug Formulations, Biologicals",Nepal,2023,93.9375465592506,120.55614911460482
Electric Machinery And Equipme,China,2023,503.4858933238151,414.73721090287523
"Pearl, Precious, Semiconducting Stones",Netherlands,2020,252.17306652104813,158.3700312114385
Iron And Steel,UAE,2023,45.92125638440311,59.56133659312302
"Aluminium, Products Of Alumin",UK,2019,274.9112095889522,400.310542668034
Telecom Instruments,UAE,2022,438.94170422892495,861.9841143664004
Marine Products,UAE,2019,262.9871706675857,258.8936989351943
"Pearl, Precious, Semiconducting Stones",Singapore,2023,519.5336060676642,470.8264872402458
"Drug Formulations, Biologicals",China,2023,292.6247949894902,180.7498212535919
"Drug Formulations, Biologicals",China,2024,31.39060998300385,61.02248639536948
Gold And Oth Precious Metal Jewelry,UK,2020,335.7042072407847,518.3143072954714
Iron And Steel,UK,2020,168.3095542103938,127.90541174267294
Petroleum Products,Saudi Arabia,2019,216.6353772720804,189.63488561635907
Motor Vehicles/Cars,UAE,2019,279.12106570599906,438.7486960928042
Petroleum Products,USA,2021,917.115965127143,843.6557516676423
Telecom Instruments,Bangladesh,2021,525.6723862774617,844.6742426780999
"Pearl, Precious, Semiconducting Stones",UK,2019,281.63348573058636,399.2383119488373
Motor Vehicles/Cars,Netherlands,2021,237.16443364857878,206.71168655765544
"Drug Formulations, Biologicals",UK,2018,184.42661253911817,301.863792737894
Electric Machinery And Equipme,Nepal,2018,17.052809428580375,11.495451641945028
Gold And Oth Precious Metal Jewelry,UAE,2024,45.55781242692239,25.56217891809246
"Aluminium, Products Of Alumin",China,2018,429.17568616539353,667.5771100203373
Iron And Steel,Nepal,2018,242.34517625278934,156.73704348616064
"Pearl, Precious, Semiconducting Stones",Bangladesh,2023,326.1593124494222,394.7204970577107
Iron And Steel,Singapore,2020,75.89513300472595,87.33840943721648
"Aluminium, Products Of Alumin",Nepal,2022,246.32078382565555,350.7054102198209
Marine Products,Nepal,2021,353.31547781766005,200.6676506983288
Marine Products,Singapore,2019,193.5601811669709,278.49242858967455
Gold And Oth Precious Metal Jewelry,China,2020,205.22941336339437,366.2800681698765
Gold And Oth Precious Metal Jewelry,Bangladesh,2020,266.20790359462643,198.1656001824216
Gold And Oth Precious Metal Jewelry,Singapore,2023,57.95229209407381,84.82065053325161
"Drug Formulations, Biologicals",China,2023,29.88770481501309,41.205083898922524
"Drug Formulations, Biologicals",UAE,2020,376.5702546385834,513.3448138702654
Electric Machinery And Equipme,USA,2019,200.20326384119574,293.28423330471867
"Drug Formulations, Biologicals",Germany,2023,304.9070912430961,401.9971878671264
"Drug Formulations, Biologicals",Netherlands,2020,377.05420504039785,406.89953726015636
Iron And Steel,Netherlands,2019,480.98337627371797,893.6796008562673
Marine Products,Netherlands,2024,148.31271846545735,89.58710386637311
Telecom Instruments,Germany,2024,83.13370894491467,43.839126397698706
Electric Machinery And Equipme,Singapore,2021,61.90475584744541,94.37442924945925
Petroleum Products,Netherlands,2024,157.08853210929271,153.70538636687147
"Pearl, Precious, Semiconducting Stones",Nepal,2024,593.5844633250458,317.5130208889506
"Pearl, Precious, Semiconducting Stones",Germany,2022,490.9074677622942,453.00065452222935
Gold And Oth Precious Metal Jewelry,Nepal,2021,74.69084208807273,115.40524943669415
"Drug Formulations, Biologicals",China,2018,318.18199492214313,577.8846910896528
"Pearl, Precious, Semiconducting Stones",UK,2024,518.2587360494656,883.7458851563832
"Pearl, Precious, Semiconducting Stones",USA,2021,163.0166346159342,124.89671322010281
Electric Machinery And Equipme,Saudi Arabia,2022,453.3614739648247,775.3624169427601
Petroleum Products,Netherlands,2022,1486.0425587409895,1662.7724219393235
Motor Vehicles/Cars,USA,2021,211.51774824231015,352.09655586459354
Petroleum Products,China,2018,442.48433680994685,839.010475331013
"Drug Formulations, Biologicals",UAE,2021,473.6844732433834,541.6539514442316
"Drug Formulations, Biologicals",Bangladesh,2021,415.7195055396171,678.3770385541972
"Drug Formulations, Biologicals",Saudi Arabia,2021,66.58376530256768,123.43493901853766
"Drug Formulations, Biologicals",USA,2018,257.57366249945,448.0973459178041
Gold And Oth Precious Metal Jewelry,USA,2020,133.4594436039998,246.00376951634064
"Drug Formulations, Biologicals",USA,2023,260.9214693536619,134.70239859970445
Petroleum Products,USA,2019,1134.092921113598,722.3378214595077
Petroleum Products,USA,2019,416.1592060482582,801.1451538808933
"Drug Formulations, Biologicals",China,2018,475.79750199940247,647.1592230810097
Iron And Steel,UAE,2023,415.4803041521621,487.22057487692217
"Drug Formulations, Biologicals",Netherlands,2022,184.40793375846195,183.1164914462267
Telecom Instruments,Germany,2018,339.5340434777488,552.9521710233405
Gold And Oth Precious Metal Jewelry,USA,2020,318.29898514053264,536.1514728203543
Petroleum Products,USA,2020,109.38198098771657,135.8119990472365
Telecom Instruments,Nepal,2021,42.024171648971276,55.65232993974564
"Pearl, Precious, Semiconducting Stones",Germany,2018,226.34994567295473,414.5726631479711
Telecom Instruments,Bangladesh,2019,181.94835615051855,122.92440487293221
Petroleum Products,Bangladesh,2024,280.2307347206135,460.21339309592537
Motor Vehicles/Cars,Bangladesh,2024,438.09759143495506,285.5011969907547
"Aluminium, Products Of Alumin",Bangladesh,2020,40.969867997079,63.5628531774004
Iron And Steel,UK,2018,45.653873118454825,79.10857886117894
Iron And Steel,Netherlands,2024,498.4821678293564,310.0674587016517
"Pearl, Precious, Semiconducting Stones",China,2021,56.72752789191844,112.31820025900336
"Aluminium, Products Of Alumin",UK,2024,270.7497658886985,285.9017947646172
"Pearl, Precious, Semiconducting Stones",USA,2019,408.27178795617624,784.2381994692666
Gold And Oth Precious Metal Jewelry,Saudi Arabia,2020,394.51241701856543,643.0817817026311
Telecom Instruments,Nepal,2024,272.1140756742082,170.13961835099235
Iron And Steel,China,2023,508.04258544577726,679.5610008624205
Telecom Instruments,UAE,2019,217.86878453101838,405.1338846179322
Marine Products,USA,2021,70.93544296301557,87.88459146286856
"Drug Formulations, Biologicals",China,2022,18.675943123242412,22.466990802598072
Motor Vehicles/Cars,Netherlands,2021,41.34746559251033,28.04296235325698
Marine Products,UAE,2019,67.5878609207814,99.61203387202916
"Pearl, Precious, Semiconducting Stones",UAE,2020,300.449592672046,413.13415811257715
Electric Machinery And Equipme,Germany,2020,385.17163900202047,409.17009279418374
Iron And Steel,China,2019,149.99892227811176,270.4328608192456
Petroleum Products,Germany,2021,328.7953924049624,639.4523954455015
Iron And Steel,UAE,2021,17.55126185781101,34.30952681574393
Telecom Instruments,China,2024,43.60769959809521,80.09490160063264
Petroleum Products,UAE,2021,738.5772444937891,1469.3604267425894
Motor Vehicles/Cars,UAE,2022,55.39238006441453,73.71515056500071
"Pearl, Precious, Semiconducting Stones",Singapore,2020,387.96659396268683,498.40003034921887
"Pearl, Precious, Semiconducting Stones",Germany,2020,254.72426614902292,393.1982444131386
"Pearl, Precious, Semiconducting Stones",China,2020,186.1800973889671,268.3482853954098
"Drug Formulations, Biologicals",USA,2019,296.31401284231913,548.695625861538
"Drug Formulations, Biologicals",Germany,2024,45.1762169142401,41.627389454023096
Motor Vehicles/Cars,UAE,2023,618.4121153567679,1135.030922410637
Iron And Steel,Germany,2024,326.58053241099907,467.0751171386623
Iron And Steel,UAE,2018,145.91677966075503,114.13344054978418
Marine Products,UAE,2020,189.769774736473,195.46824644093883
Petroleum Products,USA,2022,887.9744844207819,547.5268034813196
Petroleum Products,USA,2018,1218.633639391054,2412.061202823136
Iron And Steel,Germany,2019,352.0992398696751,459.18830456482704
Telecom Instruments,Germany,2018,161.6685319803006,278.1818352435036
Electric Machinery And Equipme,Singapore,2021,380.070102006541,282.743806090477
Iron And Steel,Netherlands,2018,456.3543204019828,791.2297969502765
"Drug Formulations, Biologicals",Nepal,2018,475.40195751304276,755.2136910963654
Marine Products,Netherlands,2018,310.573446008537,350.1294945790452
Telecom Instruments,Germany,2019,467.0369568434665,840.2442434981637
Petroleum Products,Singapore,2020,64.31429670406561,34.700808483539994
Petroleum Products,UAE,2022,583.4011493107329,1001.0171917890124
Gold And Oth Precious Metal Jewelry,UK,2024,691.2714247100519,501.6040602754149
Telecom Instruments,Bangladesh,2021,331.23645557480086,354.8656337543642
"Pearl, Precious, Semiconducting Stones",China,2024,679.3612769008178,1197.835118836134
Telecom Instruments,Netherlands,2022,504.937278370149,607.4596119314409
Telecom Instruments,UK,2023,277.2400229890927,252.31908585572066
Petroleum Products,Bangladesh,2023,122.27797841660143,219.74374529840225
"Drug Formulations, Biologicals",UK,2019,408.321494473738,816.4700688488706
"Drug Formulations, Biologicals",Singapore,2019,498.35205016621364,664.3768189046862
Petroleum Products,China,2022,1160.4115003153504,2224.6812772467683
"Pearl, Precious, Semiconducting Stones",USA,2020,341.0617771455453,297.0723633039409
Motor Vehicles/Cars,Germany,2021,253.8432889321404,176.10102057398103
Petroleum Products,UAE,2020,954.970006713548,1345.802895453483
Gold And Oth Precious Metal Jewelry,UK,2023,158.64546710570576,239.16613680203696
Marine Products,UAE,2018,312.88283782436895,324.5358703436911
Iron And Steel,UK,2020,52.51457614225458,79.15836064371024
Marine Products,USA,2019,264.9507734428587,439.4149195731829
Gold And Oth Precious Metal Jewelry,Singapore,2024,370.8321617628274,659.4405428475344
Iron And Steel,UAE,2018,280.4343509994979,376.17658949750023
"Pearl, Precious, Semiconducting Stones",UAE,2021,483.516291832848,534.3939548500849
"Aluminium, Products Of Alumin",China,2021,83.23420813489537,45.21065897386335
"Pearl, Precious, Semiconducting Stones",Singapore,2021,418.01898080808064,597.9612400674798
Gold And Oth Precious Metal Jewelry,UK,2018,354.99908636861954,290.90266733169346
Petroleum Products,Saudi Arabia,2024,268.8770806313101,140.30463118096284
Marine Products,Singapore,2018,181.7879038152325,251.753801482868
"Aluminium, Products Of Alumin",UK,2020,161.75966567909506,187.02852853386742
Telecom Instruments,Bangladesh,2019,453.0377603019367,463.1781953406798
Iron And Steel,UK,2020,209.48387975064585,350.9859501062684
Petroleum Products,Singapore,2023,663.9943808466228,951.5903004493997
Marine Products,Saudi Arabia,2021,475.8140390144957,915.5998841124062
"Drug Formulations, Biologicals",u.a.e.,2023,106.68580735179718,201.62352698470625
Petroleum Products,USA,2021,690.6267049246777,612.8390588966367
Motor Vehicles/Cars,UAE,2021,258.4741726124229,509.206749851415
Marine Products,Singapore,2021,276.52115266215674,274.62073765544125
Petroleum Products,UAE,2018,800.9160465379891,688.9627426468687
"Aluminium, Products Of Alumin",Netherlands,2022,56.60763692789438,39.24718322187623
Marine Products,USA,2024,101.8394455250319,74.12425188409233
Iron And Steel,Netherlands,2019,78.02531459821097,114.01933767108396
Iron And Steel,UK,2021,109.03336549113907,111.05058360703937
Telecom Instruments,Germany,2019,449.4263208539458,544.2294147408392
"Drug Formulations, Biologicals",USA,2020,269.6826335002427,204.54883175523858
"Pearl, Precious, Semiconducting Stones",Germany,2018,104.22161921624868,58.49989965175426
Petroleum Products,UK,2024,324.7236331687622,298.05911716864335
"Drug Formulations, Biologicals",USA,2022,116.08216475472712,73.48625558398598
Petroleum Products,Netherlands,2019,172.778942098236,205.80877317215226
"Aluminium, Products Of Alumin",Nepal,2021,122.21387422072218,127.88518358115523
"Aluminium, Products Of Alumin",UK,2019,256.6744627188799,394.14731391294316
Iron And Steel,Germany,2022,35.11553822656617,59.66535874569059
Motor Vehicles/Cars,Netherlands,2021,349.4383099355993,217.57376188707636
"Aluminium, Products Of Alumin",UAE,2022,525.664230974785,988.9366388645822
Petroleum Products,UAE,2022,119.78460098664969,109.64081840147702
Iron And Steel,Nepal,2024,567.05407793804,919.982602152083
Petroleum Products,Bangladesh,2024,351.4535481961871,286.09161784683005
"Pearl, Precious, Semiconducting Stones",Saudi Arabia,2022,229.8375964413326,281.9611957259919
"Drug Formulations, Biologicals",USA,2023,406.82828946479856,428.5409021520049
"Drug Formulations, Biologicals",Singapore,2023,307.6346141768152,498.7392075801481
Iron And Steel,USA,2022,33.569723299671566,29.496219208200838
Iron And Steel,Netherlands,2024,503.35781591680296,927.5929458764263
Iron And Steel,China,2020,208.57755730934116,270.76917510667005
Marine Products,Saudi Arabia,2019,62.514285556490265,73.21163946990505
Telecom Instruments,UAE,2024,379.3754447881459,327.6687551407199
"Pearl, Precious, Semiconducting Stones",u.a.e.,2021,156.12210148171633,166.41464534035464
Motor Vehicles/Cars,Bangladesh,2021,21.818375602194514,21.450054113600032
"Aluminium, Products Of Alumin",Bangladesh,2023,147.69238045679893,146.39948553308173
"Aluminium, Products Of Alumin",China,2018,68.6834445914331,126.0884440115038
Petroleum Products,Saudi Arabia,2020,601.7206044829677,913.8050892135951
Marine Products,Nepal,2021,436.36329760935536,544.4344711931903
Petroleum Products,Nepal,2018,131.47735290709403,171.6646959746261
Motor Vehicles/Cars,Netherlands,2023,386.8177921793,625.9327735005712
"Aluminium, Products Of Alumin",USA,2024,310.11844871356004,214.40673274082977
"Aluminium, Products Of Alumin",Netherlands,2023,193.76525199378747,202.4117249811406
"Pearl, Precious, Semiconducting Stones",USA,2020,261.1995586019877,354.23034115965976
Marine Products,Nepal,2021,202.93613525893915,401.76745557555677
"Aluminium, Products Of Alumin",UK,2024,429.56152607882456,367.6360170667582
Iron And Steel,Singapore,2022,71.8480939007974,52.39800362896512
Petroleum Products,UK,2020,261.038573816818,193.43534168031232
"Aluminium, Products Of Alumin",Germany,2021,111.55962596365382,103.48747855712247
"Aluminium, Products Of Alumin",Bangladesh,2023,123.43898020275883,227.76320434684928
Electric Machinery And Equipme,China,2023,64.10889598646608,82.49321716974741
"Drug Formulations, Biologicals",USA,2020,168.87555617994732,333.2873810545661
Gold And Oth Precious Metal Jewelry,UAE,2020,51.91924964987652,56.94417108212381
"Pearl, Precious, Semiconducting Stones",UAE,2021,533.5445635354239,959.4522143505662
Iron And Steel,Bangladesh,2019,410.36531476514716,363.93421958125066
Petroleum Products,UK,2021,257.7710240081137,387.4207832480613
Telecom Instruments,UAE,2022,558.4730816070204,745.642173682404
Petroleum Products,China,2020,580.1804356805019,533.7478066521345
"Pearl, Precious, Semiconducting Stones",UK,2024,541.8721521696687,422.96677395595566
"Pearl, Precious, Semiconducting Stones",UAE,2022,202.3233910056953,230.2753098802373
Petroleum Products,China,2020,517.458171110766,446.88443074781935
"Aluminium, Products Of Alumin",UAE,2021,72.89704853443071,103.2171225721611
Motor Vehicles/Cars,China,2020,121.14317687018027,166.19115542735292
Petroleum Products,Netherlands,2021,235.50375883198765,287.7173331834162
Petroleum Products,Netherlands,2020,541.9376439005541,313.0965101164865
Telecom Instruments,Saudi Arabia,2020,139.94887705201685,98.19121317138703
Petroleum Products,Bangladesh,2021,112.89777271205453,224.09534432152634
"Drug Formulations, Biologicals",Singapore,2023,218.33939924889853,374.41094958685267
Gold And Oth Precious Metal Jewelry,Saudi Arabia,2022,161.72870500109312,246.19218158054022
Gold And Oth Precious Metal Jewelry,Bangladesh,2020,306.00932107675715,426.4111704690102
Gold And Oth Precious Metal Jewelry,UAE,2024,337.5012653454086,377.2458771412737
"Pearl, Precious, Semiconducting Stones",UK,2022,217.13454072728123,411.31659610695226
"Drug Formulations, Biologicals",Germany,2024,583.8049137423822,1136.9836353823023
Motor Vehicles/Cars,Bangladesh,2023,92.177331360292,147.14278584360548
Petroleum Products,UK,2018,1174.4670596057713,906.5119292872672
"Drug Formulations, Biologicals",China,2022,51.09980521166516,82.35658383142983
"Pearl, Precious, Semiconducting Stones",USA,2020,233.19346036652547,411.06017841583383
"Drug Formulations, Biologicals",Netherlands,2019,78.48846454688186,132.87319759175446
Petroleum Products,Singapore,2020,217.59477364678963,162.21340358911718
Iron And Steel,Nepal,2024,126.68633738066114,218.1364004338164
Petroleum Products,Nepal,2021,923.8532548881299,1186.7801702326547
"Aluminium, Products Of Alumin",UAE,2024,260.1577121087227,472.39458469207005
"Drug Formulations, Biologicals",USA,2018,202.29810263709135,348.9438271479642
Petroleum Products,Saudi Arabia,2024,788.1163681979245,839.6722961951579
Motor Vehicles/Cars,UK,2021,260.3844044759179,247.90334966763135
"Aluminium, Products Of Alumin",Bangladesh,2020,301.06287702909043,377.55710898818785
Petroleum Products,Netherlands,2020,247.56844124388095,457.8436329542619
Iron And Steel,China,2023,257.5387080147357,338.7482063908824
Gold And Oth Precious Metal Jewelry,UAE,2021,499.58846780989086,717.5873897960278
Marine Products,Saudi Arabia,2018,67.2800399470984,128.4879342039706
Motor Vehicles/Cars,China,2022,381.09233520599366,381.99111174789823
Electric Machinery And Equipme,Singapore,2022,93.89197872607171,158.7748836314334
"Drug Formulations, Biologicals",USA,2024,439.36991056696024,571.2650836923641
"Pearl, Precious, Semiconducting Stones",Germany,2023,582.40957540346,980.1346381321775
"Pearl, Precious, Semiconducting Stones",USA,2018,84.32069106904808,81.58727580151397
"Drug Formulations, Biologicals",China,2018,131.75967850908822,212.9130257606501
"Drug Formulations, Biologicals",Singapore,2021,29.07398232258509,39.39043509695091
"Pearl, Precious, Semiconducting Stones",UK,2023,498.6861828168199,905.1894543409229
Motor Vehicles/Cars,Singapore,2022,213.1440682449536,369.141218612994
Gold And Oth Precious Metal Jewelry,USA,2021,70.63050621885671,124.99328389240895
Motor Vehicles/Cars,Bangladesh,2022,-50.0,95.3058074129937
"Pearl, Precious, Semiconducting Stones",Saudi Arabia,2018,400.6747292319813,290.4395515311784
Motor Vehicles/Cars,UAE,2021,134.56650203039376,213.0697535818809
"Aluminium, Products Of Alumin",Nepal,2018,362.8179029075764,530.3387108801886
"Aluminium, Products Of Alumin",Netherlands,2023,-50.0,597.9687755894141
"Pearl, Precious, Semiconducting Stones",Netherlands,2019,133.38153886440685,135.85496482142258
"Aluminium, Products Of Alumin",Saudi Arabia,2024,138.576033725778,258.1222303012452
"Pearl, Precious, Semiconducting Stones",UK,2023,384.6205732660187,423.5738391981998
Telecom Instruments,Saudi Arabia,2018,236.38284378562503,454.0737164250899
Gold And Oth Precious Metal Jewelry,UAE,2019,85.1421875268793,117.4404292005773
Gold And Oth Precious Metal Jewelry,UAE,2024,361.0396337147437,511.6586366493527
Gold And Oth Precious Metal Jewelry,UAE,2019,18.87399007221185,34.127682034831686
Marine Products,UAE,2024,653.4331417837581,880.6316984103102
Petroleum Products,Nepal,2018,878.3972592491931,1654.6800217524165
"Drug Formulations, Biologicals",Saudi Arabia,2019,356.5469308135653,259.85445677726057
Iron And Steel,Bangladesh,2018,292.38129648173845,412.27884602546544
Motor Vehicles/Cars,USA,2018,217.82402893816914,349.53489020718575
"Pearl, Precious, Semiconducting Stones",Bangladesh,2022,561.4078046841807,1060.135982715783
"Drug Formulations, Biologicals",USA,2018,230.91129198802474,154.67756119494433
Petroleum Products,Netherlands,2018,1231.43046872886,2165.2822300762205
Gold And Oth Precious Metal Jewelry,China,2024,99.51859930544106,187.22064116251994
"Pearl, Precious, Semiconducting Stones",Singapore,2021,479.87413915148716,613.4025186093496
Iron And Steel,Saudi Arabia,2018,299.7249635150153,329.2490880473085
Motor Vehicles/Cars,Nepal,2023,47.88316392963396,48.017038670554676
Iron And Steel,China,2018,403.3981898130256,204.50191944935645
Petroleum Products,u.s.a.,2021,,
"Pearl, Precious, Semiconducting Stones",USA,2023,355.32099907145687,667.9265244736378
Electric Machinery And Equipme,USA,2018,179.709537239321,183.3809676543682
"Drug Formulations, Biologicals",USA,2019,371.3756115737767,437.6018773307676
"Drug Formulations, Biologicals",UK,2022,144.0676358887094,169.8066551521578
Motor Vehicles/Cars,Netherlands,2022,94.82392798332232,72.50052435015321
Iron And Steel,China,2022,305.0402503708141,344.2038111907667
"Pearl, Precious, Semiconducting Stones",Bangladesh,2018,458.274491523369,478.2510655349537
Marine Products,UK,2024,412.2836082907378,597.1501071706258
Iron And Steel,Nepal,2021,18.05791210111183,27.00210536007667
"Pearl, Precious, Semiconducting Stones",UAE,2020,77.79009901294256,151.0376822379949
Marine Products,Netherlands,2023,107.69815757873296,120.8304601090121
Petroleum Products,Netherlands,2023,168.41934641524034,336.04903813873443
"Drug Formulations, Biologicals",Saudi Arabia,2023,332.89822158100156,463.75303092322537
Electric Machinery And Equipme,USA,2024,60.014463488461246,97.51994464707163
Petroleum Products,China,2023,366.7746570047203,677.4626594742136
Gold And Oth Precious Metal Jewelry,Bangladesh,2022,132.6221086034202,104.24516570050326
Petroleum Products,Saudi Arabia,2022,83.72801173669947,101.15184594936657
"Drug Formulations, Biologicals",USA,2020,229.41772423894565,137.32095190020792
Electric Machinery And Equipme,Saudi Arabia,2021,429.00938539861073,506.20243930426096
Marine Products,Germany,2020,213.5609855764114,247.97508275044734
Telecom Instruments,Netherlands,2022,247.64867979469167,331.7156237098618
Iron And Steel,USA,2021,94.67449255665404,73.17317643295782
"Drug Formulations, Biologicals",USA,2024,605.1849360152728,1161.4547061292405
Iron And Steel,USA,2020,154.33725198166314,139.8476092533061
Telecom Instruments,Bangladesh,2024,455.7836866619648,507.3333943827014
Iron And Steel,Bangladesh,2022,26.92717712828278,19.770711536622635
Telecom Instruments,UK,2018,360.8263921352248,537.0489190440529
Telecom Instruments,UK,2023,30.260147224718985,25.205439062179813
"Drug Formulations, Biologicals",UAE,2023,160.19464542660148,241.54775245155787
Gold And Oth Precious Metal Jewelry,Saudi Arabia,2020,15.726530799710748,10.319165631497292
Petroleum Products,Nepal,2022,1205.8766454985882,925.8925799739325
Motor Vehicles/Cars,USA,2023,428.7992707016442,367.59853956061073
Telecom Instruments,u.s.a.,2023,,
Iron And Steel,Netherlands,2021,400.30187627020035,713.956290686195
"Drug Formulations, Biologicals",Netherlands,2023,541.8500537291736,593.7459021607407
"Drug Formulations, Biologicals",Saudi Arabia,2022,404.83406030353996,326.89396706924066
Petroleum Products,USA,2019,384.10596956974126,708.4848927345842
Gold And Oth Precious Metal Jewelry,USA,2018,16.370942520260655,10.285254125545976
"Drug Formulations, Biologicals",UK,2021,123.05069152370874,66.42255481333669
Telecom Instruments,Netherlands,2019,98.90336319400069,135.9488384896742
Gold And Oth Precious Metal Jewelry,USA,2021,238.1478327693564,437.95566643592014
Petroleum Products,UK,2022,1231.642035755508,1247.3159462303465
Iron And Steel,UK,2018,137.11748238133333,146.65244182146853
"Drug Formulations, Biologicals",Saudi Arabia,2018,299.24452183225577,269.9471249441106
Petroleum Products,UAE,2019,789.5824121151891,879.6875658854311
Gold And Oth Precious Metal Jewelry,Bangladesh,2020,224.40249489397627,259.00306928811136
"Drug Formulations, Biologicals",USA,2023,200.57468882820157,385.6409347821208
"Pearl, Precious, Semiconducting Stones",USA,2022,461.00020696593936,327.3884080234542
Motor Vehicles/Cars,China,2024,609.7690314659682,750.7151902273374
Motor Vehicles/Cars,Netherlands,2021,493.1636502959153,838.271131744985
Marine Products,USA,2018,218.3546171899244,116.53672442010462
"Pearl, Precious, Semiconducting Stones",USA,2020,113.32152487889887,148.72898513738085
Telecom Instruments,Singapore,2023,416.5256260292558,369.38805744507846
Telecom Instruments,UAE,2021,86.11292392525222,150.90388790921241
Petroleum Products,UAE,2024,1723.2497399065917,2220.4680748401242
"Aluminium, Products Of Alumin",China,2023,122.35970508536933,111.1590187909277
Electric Machinery And Equipme,USA,2024,26.616004111562177,49.81047324769704
Petroleum Products,China,2021,186.1695841944652,254.07954088885333
Iron And Steel,Netherlands,2020,115.42964650938475,153.66767965520484
Gold And Oth Precious Metal Jewelry,UAE,2024,460.8743864093788,804.0473101973412
Petroleum Products,China,2018,277.86605790673894,143.51608029749437
Iron And Steel,UAE,2024,107.90354222720177,199.62457040248958
"Drug Formulations, Biologicals",Germany,2024,613.4885932078854,856.5034820255745
Telecom Instruments,USA,2018,304.2532616124902,455.63599679017864
Petroleum Products,UAE,2022,287.79577957647086,538.6437380355027
Petroleum Products,Germany,2018,537.9938929927896,578.1862290491074
Petroleum Products,Bangladesh,2021,726.7416078686238,414.5689872481237
"Pearl, Precious, Semiconducting Stones",Singapore,2022,109.77462082857468,176.41335101720716
"Pearl, Precious, Semiconducting Stones",Saudi Arabia,2022,60.685616739974364,85.24679499646363
Telecom Instruments,Saudi Arabia,2020,104.17685099507781,112.92181226317138
Marine Products,UK,2019,151.45993101764293,156.53521315977977
"Pearl, Precious, Semiconducting Stones",China,2023,471.03224160236437,445.44698240926874
"Drug Formulations, Biologicals",UAE,2018,287.5382737454796,349.0932031689954
"Pearl, Precious, Semiconducting Stones",USA,2021,368.7187581304674,702.4994261605051
"Pearl, Precious, Semiconducting Stones",USA,2024,516.5444586862317,424.81162160658005
"Drug Formulations, Biologicals",UK,2024,35.39163065204128,31.61874360977564
Petroleum Products,Singapore,2021,829.3675116185934,478.6601042528887
"Pearl, Precious, Semiconducting Stones",Singapore,2024,354.5072455800481,494.63129441053684
Gold And Oth Precious Metal Jewelry,USA,2024,243.2913091004351,402.9800134264511
Telecom Instruments,UAE,2022,74.67977284265783,45.75679512922601
Iron And Steel,USA,2018,366.81249053976563,456.03485087751613
"Pearl, Precious, Semiconducting Stones",Bangladesh,2024,486.2440439494269,560.270327288392
"Drug Formulations, Biologicals",Germany,2022,156.8843955445948,271.19875576853764
Telecom Instruments,USA,2023,522.2279149032398,805.2987916490398
"Pearl, Precious, Semiconducting Stones",China,2022,172.02134069121806,238.30907629344713
Telecom Instruments,Netherlands,2020,149.50176760049052,95.28840656451958
"Pearl, Precious, Semiconducting Stones",Bangladesh,2023,597.3287475694486,421.2529259612091
Telecom Instruments,Bangladesh,2023,618.3011943838512,722.7994503749208
"Drug Formulations, Biologicals",UAE,2022,120.85816215710835,158.66880993557055
Motor Vehicles/Cars,UAE,2023,569.0664974532721,909.5602259124495
Marine Products,Saudi Arabia,2022,486.25795494253236,723.6369564416308
Electric Machinery And Equipme,Netherlands,2022,419.0586199364972,743.3234466698045
Motor Vehicles/Cars,Nepal,2020,-50.0,130.6579579214704
"Aluminium, Products Of Alumin",Germany,2021,130.23188914076562,258.054750358333
Petroleum Products,Germany,2018,1181.4726911161013,660.608896952564
"Drug Formulations, Biologicals",Netherlands,2024,498.02456834576225,940.2068750132507
"Drug Formulations, Biologicals",USA,2023,128.02649484611146,173.08130312138545
Marine Products,Germany,2023,596.1660455635827,328.43918250621397
Electric Machinery And Equipme,USA,2023,457.25671023623704,432.57559847289326
"Pearl, Precious, Semiconducting Stones",Netherlands,2020,370.36330858759993,724.6481710598715
"Drug Formulations, Biologicals",Saudi Arabia,2020,378.1524637324661,458.06414341520514
"Aluminium, Products Of Alumin",China,2019,432.40089898476356,763.9763282377904
"Aluminium, Products Of Alumin",USA,2020,133.08738551135622,232.02098265260784
Marine Products,USA,2024,39.387237414827936,54.92175360803881
Iron And Steel,Germany,2022,147.2451963251694,100.25194031246923
Petroleum Products,Netherlands,2024,166.9747407940937,257.8813272021806
Telecom Instruments,Singapore,2019,176.5387322463524,280.1934766531301
Petroleum Products,Bangladesh,2024,147.08612447018615,143.10531304669337
Telecom Instruments,Nepal,2023,356.6559532430898,601.352162782095
"Pearl, Precious, Semiconducting Stones",Netherlands,2023,216.04534436772855,310.85404912255217
Motor Vehicles/Cars,Saudi Arabia,2022,532.954915962878,758.8184285349344
"Drug Formulations, Biologicals",u.s.a.,2021,,
"Drug Formulations, Biologicals",UAE,2024,610.8878274960379,324.93375002778936
Gold And Oth Precious Metal Jewelry,Nepal,2019,438.6038196152577,567.2926807886529
"Pearl, Precious, Semiconducting Stones",u.s.a.,2021,,
"Pearl, Precious, Semiconducting Stones",UAE,2021,548.886485577469,563.1947065394091
Iron And Steel,Netherlands,2019,385.9222615762522,425.6322615543581
Marine Products,Bangladesh,2019,245.13905394891535,353.30867037614837
Electric Machinery And Equipme,USA,2021,481.91196454643665,952.318379152476
Electric Machinery And Equipme,Singapore,2018,386.4539727936139,435.39843540146256
Motor Vehicles/Cars,China,2018,216.4649311157644,347.72351871635175
"Drug Formulations, Biologicals",Bangladesh,2020,101.60064114117452,67.63668165606578
"Pearl, Precious, Semiconducting Stones",China,2024,257.2708001415727,239.4827078928425
"Pearl, Precious, Semiconducting Stones",Saudi Arabia,2019,155.19097902343515,131.97621290106522
Marine Products,Nepal,2018,30.625662921817323,16.133933111256802
"Pearl, Precious, Semiconducting Stones",Netherlands,2020,395.1871767765244,451.1692739211452
"Drug Formulations, Biologicals",Saudi Arabia,2020,158.65604568659523,241.0732483438806
"Drug Formulations, Biologicals",UAE,2018,116.94440505388144,225.1111707489506
Marine Products,UK,2024,553.4326798890687,350.94079587639663
Petroleum Products,USA,2024,751.1510304711521,1366.101449182639
Iron And Steel,Bangladesh,2024,662.0861672919074,795.233196400761
Motor Vehicles/Cars,China,2018,310.57158071324676,233.09978536250392
Electric Machinery And Equipme,USA,2019,495.6726268071185,420.0862945759679
Marine Products,Singapore,2023,613.520140124075,904.617024743438
Telecom Instruments,Netherlands,2024,430.9074412868974,546.8356623324182
"Drug Formulations, Biologicals",UAE,2018,123.02820774170176,94.09099496156206
"Drug Formulations, Biologicals",UK,2022,141.6458909332631,110.43526608483982
"Pearl, Precious, Semiconducting Stones",USA,2021,431.1960312524801,442.0569489171501
Telecom Instruments,USA,2022,46.011493819277064,89.89053642509217
Telecom Instruments,Germany,2020,354.4440669056629,670.4764719579198
"Pearl, Precious, Semiconducting Stones",UK,2019,497.5048330967533,378.5230069572657
Telecom Instruments,UAE,2023,265.40616604099364,434.56483319258183
Petroleum Products,Saudi Arabia,2018,877.6252571158955,641.4070301138463
"Aluminium, Products Of Alumin",Singapore,2024,573.6615237435637,479.96014251632516
"Aluminium, Products Of Alumin",Singapore,2021,131.63769438939386,171.8479596583434
Electric Machinery And Equipme,USA,2021,330.594624879678,452.9573858568632
"Aluminium, Products Of Alumin",UAE,2018,54.82855032489989,99.57913575973976
"Pearl, Precious, Semiconducting Stones",USA,2019,140.14402086846596,97.29812318078552
Gold And Oth Precious Metal Jewelry,UK,2024,623.6811827901183,1205.873376521681
Telecom Instruments,Germany,2019,432.4425324600708,741.3250383617786
Petroleum Products,Singapore,2024,1158.739996795922,1536.8207001799271
Telecom Instruments,Bangladesh,2023,68.41056606356825,76.11905630675876
"Pearl, Precious, Semiconducting Stones",Germany,2023,250.402585336844,222.76582117534178
Petroleum Products,USA,2023,1184.5465310490715,1473.355088252985
Gold And Oth Precious Metal Jewelry,China,2020,39.77011663579799,33.02012575208018
"Drug Formulations, Biologicals",Bangladesh,2018,344.796794193202,211.7729115337439
"Drug Formulations, Biologicals",UAE,2021,,
"Aluminium, Products Of Alumin",Singapore,2020,196.38993831204604,272.7093615833108
Petroleum Products,UK,2020,828.1873466066463,846.1704508301382
"Pearl, Precious, Semiconducting Stones",Bangladesh,2024,479.11908065551756,646.1390080584144
Motor Vehicles/Cars,UAE,2024,197.181393336223,358.4649240728565
"Pearl, Precious, Semiconducting Stones",Nepal,2023,520.9603757636132,775.0211606906474
"Pearl, Precious, Semiconducting Stones",Saudi Arabia,2020,341.42803780494285,614.8918547524381
"Aluminium, Products Of Alumin",China,2021,392.80764444940377,689.5816730556359
"Pearl, Precious, Semiconducting Stones",Bangladesh,2020,281.4088129743592,427.8008173419757
Marine Products,Germany,2018,313.11957532544034,510.0952594407419
"Pearl, Precious, Semiconducting Stones",u.a.e.,2019,87.71650159360611,159.7586028263538
Iron And Steel,UAE,2018,437.20332859516367,237.782178540193
"Drug Formulations, Biologicals",UAE,2021,456.1152285544071,316.2268778618435
Telecom Instruments,Netherlands,2023,226.4707101630734,365.80961930323986
"Pearl, Precious, Semiconducting Stones",China,2023,115.40405378277232,199.29709255734187
Electric Machinery And Equipme,Netherlands,2021,459.5203219192229,579.5477655317084
"Drug Formulations, Biologicals",Saudi Arabia,2018,13.129077141248455,12.217357260024293
Petroleum Products,u.s.a.,2020,,
Iron And Steel,Germany,2019,319.58862823816753,284.33971924457137
"Aluminium, Products Of Alumin",USA,2022,384.79535342257145,504.07347425746184
Motor Vehicles/Cars,China,2019,392.12424362406034,258.9866749356899
Petroleum Products,Bangladesh,2020,765.8073444519874,1004.6625541108408
"Pearl, Precious, Semiconducting Stones",Saudi Arabia,2018,481.86608189090737,488.03794268038274
Telecom Instruments,UK,2020,255.98778210850764,485.8756024427091
"Pearl, Precious, Semiconducting Stones",Bangladesh,2022,72.2757200585194,137.74615569081672
Petroleum Products,Netherlands,2020,694.128007854797,417.6954079705002
Telecom Instruments,UAE,2018,157.47214780393998,246.01214362263198
Petroleum Products,UAE,2022,129.0053841590944,177.15737787122256
"Pearl, Precious, Semiconducting Stones",Singapore,2020,143.58615832555904,205.5253899242157
Gold And Oth Precious Metal Jewelry,Germany,2019,32.4135965681313,58.58126192741681
"Aluminium, Products Of Alumin",UAE,2021,535.710554386617,1046.41241667533
"Drug Formulations, Biologicals",USA,2018,377.3293975540331,262.2927427048575
"Pearl, Precious, Semiconducting Stones",Nepal,2021,419.7038626057432,225.33076701385718
"Aluminium, Products Of Alumin",Bangladesh,2024,29.176756348892113,28.751222948652675
"Aluminium, Products Of Alumin",u.s.a.,2023,,
Petroleum Products,Singapore,2020,689.6294690743752,806.0762045233234
Marine Products,Germany,2023,187.3001864214212,373.79250035806916
Telecom Instruments,Bangladesh,2022,262.59460571475205,309.0949993752855
"Drug Formulations, Biologicals",Saudi Arabia,2024,126.24594133748505,213.63519016767734
Petroleum Products,Bangladesh,2018,874.7607265823235,727.0612436267531
"Pearl, Precious, Semiconducting Stones",Singapore,2021,55.40338358693922,84.25463758870424
Marine Products,Singapore,2022,396.8525939973075,361.0919251842287
Electric Machinery And Equipme,USA,2021,523.5154600529712,380.37944259195046
"Aluminium, Products Of Alumin",Germany,2022,266.2128630130499,509.91047504529
"Pearl, Precious, Semiconducting Stones",Netherlands,2022,258.7996623525599,377.2752806645005
Petroleum Products,Saudi Arabia,2023,665.66907875575,606.6394110702661
Petroleum Products,China,2022,1476.4471425009474,1644.7636071789386
"Drug Formulations, Biologicals",Nepal,2024,627.3520537238861,530.0697682655027
Iron And Steel,u.s.a.,2024,-50.0,
"Aluminium, Products Of Alumin",China,2024,461.0434422078571,485.38170218594666
Petroleum Products,USA,2019,1083.8388560535554,1311.2443539394583
"Drug Formulations, Biologicals",USA,2023,629.7392135816777,490.1186453281669
"Drug Formulations, Biologicals",Saudi Arabia,2022,522.7504227578992,870.3247110429551
Electric Machinery And Equipme,Nepal,2020,310.20136310046837,548.1800448796429
Petroleum Products,Saudi Arabia,2020,765.8035111241389,1102.2443371260076
Petroleum Products,UAE,2022,222.92997019310974,122.34157543327566
Petroleum Products,UK,2022,1383.6463362890595,1971.6620908317027
"Aluminium, Products Of Alumin",USA,2023,520.3942543518243,636.069324779578
Telecom Instruments,Nepal,2020,53.984810073258636,37.129601860516985
Marine Products,Singapore,2024,484.29778703907436,554.7431824940546
Marine Products,USA,2023,140.7342509081145,174.14341088331253
Gold And Oth Precious Metal Jewelry,UAE,2019,41.4623791668157,56.92606797903499
Gold And Oth Precious Metal Jewelry,Netherlands,2023,184.34879862515723,312.7179923651184
Petroleum Products,Nepal,2022,486.23207961765337,575.1299994666803
"Drug Formulations, Biologicals",Saudi Arabia,2021,17.263471010466244,10.507762626092923
"Drug Formulations, Biologicals",Bangladesh,2021,222.55402690320312,271.49549395189155
"Drug Formulations, Biologicals",USA,2018,304.0100685784588,285.0075751220075
Petroleum Products,Netherlands,2021,963.9880915555161,1725.7156680336234
"Drug Formulations, Biologicals",UK,2020,313.70158764619316,175.4935264417819
Marine Products,UAE,2024,343.6277658188706,225.89926707465466
"Drug Formulations, Biologicals",Netherlands,2024,180.04288088169383,356.4838040658769
"Pearl, Precious, Semiconducting Stones",Singapore,2020,63.85825281739319,79.71631515474532
"Drug Formulations, Biologicals",USA,2021,344.1859407974662,534.7608205447133
"Drug Formulations, Biologicals",USA,2020,227.38228392687034,117.02371836654758
"Aluminium, Products Of Alumin",Nepal,2021,186.96264514351162,238.67042997495585
"Drug Formulations, Biologicals",Nepal,2019,53.054584580968346,54.43084155778844
Marine Products,Saudi Arabia,2023,34.1503803001005,21.100418491931737
"Drug Formulations, Biologicals",Bangladesh,2021,224.9416458726603,157.2507731578459
"Aluminium, Products Of Alumin",China,2020,230.4760125185308,353.5957115462188
Iron And Steel,USA,2021,442.51623081979574,354.1127129312102
Iron And Steel,Saudi Arabia,2019,92.06646530694418,60.4740198200258
Telecom Instruments,USA,2020,257.4806578211056,401.59608109628897
Iron And Steel,Nepal,2023,33.12037425393398,63.0717370920278
Motor Vehicles/Cars,UAE,2018,35.46592898922148,46.52933057948112
Marine Products,China,2020,285.95172362475927,516.5585450510888
Motor Vehicles/Cars,Bangladesh,2020,287.92207739591174,490.2138614741007
Petroleum Products,USA,2022,528.9917830379248,911.0495761962336
Petroleum Products,Singapore,2018,123.14068682122706,226.85284982016415
"Pearl, Precious, Semiconducting Stones",China,2022,333.9843171783969,576.4391150377234
"Drug Formulations, Biologicals",Saudi Arabia,2023,301.1267472381572,441.26106054341824
Telecom Instruments,USA,2018,267.9373038586955,427.9988379149419
"Pearl, Precious, Semiconducting Stones",Bangladesh,2020,39.998952955991115,23.620506730497436
Iron And Steel,Netherlands,2019,131.08058466497175,96.91010725661981
Petroleum Products,China,2022,1311.5218428905364,1087.0168204760757
Petroleum Products,USA,2023,1586.5654198919665,1595.0435299427274
"Drug Formulations, Biologicals",China,2021,109.16155655620892,183.8878556527857
Petroleum Products,Nepal,2019,831.9170249885733,1037.644759934906
"Drug Formulations, Biologicals",UK,2019,282.1281399594393,445.4246599189319
"Pearl, Precious, Semiconducting Stones",UK,2024,170.71995255327093,340.5010945912679
"Drug Formulations, Biologicals",Netherlands,2024,682.7081092326932,1007.3279841834027
Iron And Steel,China,2022,129.33096114633733,196.62733916195265
"Drug Formulations, Biologicals",Bangladesh,2020,36.30177631983693,19.819998577996184
"Drug Formulations, Biologicals",USA,2021,149.8910769075442,178.96011823548463
Telecom Instruments,Bangladesh,2023,566.0895859451384,900.5090493967504
Electric Machinery And Equipme,UK,2022,448.71143446558887,510.7413039164081
Iron And Steel,Saudi Arabia,2024,251.31140488721653,265.5251116335215
"Aluminium, Products Of Alumin",Singapore,2019,493.9482862306683,276.6919426557745
Motor Vehicles/Cars,Singapore,2019,,
Iron And Steel,Germany,2024,314.890177564059,500.00985898375404
Marine Products,USA,2023,323.00811568753574,584.6882493394625
"Drug Formulations, Biologicals",Singapore,2023,586.7470873751718,664.5388319798225
Petroleum Products,USA,2020,291.29124129035057,404.4653143872366
"Pearl, Precious, Semiconducting Stones",Netherlands,2019,457.0580393521786,372.95629028494136
"Pearl, Precious, Semiconducting Stones",Bangladesh,2021,346.77898854071725,501.9072157597142
Electric Machinery And Equipme,Germany,2018,369.2253809834877,257.4798834910859
Motor Vehicles/Cars,China,2022,432.9050792330681,806.7397326928264
"Drug Formulations, Biologicals",UK,2022,117.65366801570227,100.74859924276112
"Pearl, Precious, Semiconducting Stones",Saudi Arabia,2021,534.5819556884438,412.411497815183
Electric Machinery And Equipme,Netherlands,2020,342.91895660087505,424.6765916367507
Motor Vehicles/Cars,Nepal,2023,170.48619439482377,307.91935260384037
Telecom Instruments,Germany,2022,273.8394899415673,348.38572739054416
Iron And Steel,Saudi Arabia,2020,148.81948080470815,206.77369718223738
Iron And Steel,UAE,2020,72.10135805332892,78.34694387992649
Gold And Oth Precious Metal Jewelry,Germany,2023,630.5156493275782,559.3935780628514
Motor Vehicles/Cars,UAE,2020,265.44077250018654,262.19843903587565
Iron And Steel,Saudi Arabia,2023,505.7023810623646,352.12587329660863
"Drug Formulations, Biologicals",USA,2023,630.776005715033,744.7473343813595
Iron And Steel,Nepal,2021,138.2311997437441,84.35491521290777
Marine Products,Saudi Arabia,2024,130.45392289005295,166.9367873528041
Petroleum Products,USA,2023,569.1775584668235,992.2614949036514
Petroleum Products,Saudi Arabia,2023,718.688381431426,627.4662777230603
"Drug Formulations, Biologicals",China,2019,312.4010434359747,487.39743176566856
Marine Products,UAE,2022,110.22064184575851,82.82296733035135
Motor Vehicles/Cars,USA,2022,33.562799036923266,53.854968781511786
Gold And Oth Precious Metal Jewelry,UAE,2018,335.2642185346845,406.3222337433837
Motor Vehicles/Cars,Singapore,2023,550.7365759933786,940.93632012035
"Drug Formulations, Biologicals",USA,2020,237.45891084352684,427.99758430285254
Motor Vehicles/Cars,USA,2024,155.20707008522302,103.65960936027346
Petroleum Products,Saudi Arabia,2019,355.44327410831227,208.15834560956029
"Pearl, Precious, Semiconducting Stones",Saudi Arabia,2021,297.3003755925563,566.3300239484055
Iron And Steel,UAE,2020,23.42266794205578,16.001543923462656
"Drug Formulations, Biologicals",u.a.e.,2024,324.2085334024366,616.2596414220636
Petroleum Products,Singapore,2022,494.74947431582325,623.8059695878156
Gold And Oth Precious Metal Jewelry,Nepal,2018,30.370700934692128,21.943280955517864
Electric Machinery And Equipme,USA,2024,690.8282643497689,1345.5110431005216
Petroleum Products,Nepal,2024,43.472067302512485,83.80187264412166
"Pearl, Precious, Semiconducting Stones",China,2023,420.11940038847376,757.0036704141446
"Aluminium, Products Of Alumin",Saudi Arabia,2018,232.82252926059095,296.4748218061009
Petroleum Products,Singapore,2018,623.8370608147272,935.9404879922992
Electric Machinery And Equipme,Netherlands,2021,86.27202631365266,47.01483665814179
"Aluminium, Products Of Alumin",Singapore,2021,176.9742385176519,275.55263133386023
Electric Machinery And Equipme,USA,2022,130.68982984829364,197.36107011248052
"Pearl, Precious, Semiconducting Stones",UAE,2018,485.25690259256254,310.9774070390778
"Drug Formulations, Biologicals",Germany,2023,441.4475493094054,514.562444880974
"Drug Formulations, Biologicals",UAE,2023,566.006616038471,433.40523730479924
"Drug Formulations, Biologicals",UAE,2023,454.20273156806684,798.1127466747332
Gold And Oth Precious Metal Jewelry,USA,2024,662.0053545591799,1009.4734571092112
Telecom Instruments,Netherlands,2021,278.97719780054234,398.036536510471
Iron And Steel,USA,2023,566.4924751129436,768.1154291019722
Petroleum Products,Saudi Arabia,2021,68.44656294148768,129.80363919421515
"Drug Formulations, Biologicals",UAE,2020,278.294486404372,421.5521610630284
"Pearl, Precious, Semiconducting Stones",China,2020,92.54465973990514,137.73682734532557
"Aluminium, Products Of Alumin",UAE,2023,263.89162640169894,389.7282074176989
Telecom Instruments,UAE,2020,49.784467880732365,74.01795159661685
Motor Vehicles/Cars,u.s.a.,2018,,
"Pearl, Precious, Semiconducting Stones",USA,2023,635.4599553489791,705.5905495026389
Iron And Steel,Nepal,2023,567.6699478648341,950.0400643507616
Gold And Oth Precious Metal Jewelry,Germany,2023,374.1893582485074,601.5744326875612
Electric Machinery And Equipme,UAE,2022,528.5671500451925,584.7065220727471
"Drug Formulations, Biologicals",Saudi Arabia,2021,187.2708740825857,281.1666323106606
Petroleum Products,u.a.e.,2022,1217.5335346536501,2000.9283391645854
"Pearl, Precious, Semiconducting Stones",Germany,2021,441.02155673480405,508.663225747161
Gold And Oth Precious Metal Jewelry,Bangladesh,2024,575.0342722960648,391.2036261656852
"Drug Formulations, Biologicals",UAE,2024,387.51952120114277,197.10715063905937
Telecom Instruments,Bangladesh,2022,202.85646798135892,212.9368729132385
"Pearl, Precious, Semiconducting Stones",Germany,2018,204.12461888853514,315.00527721683085
Electric Machinery And Equipme,USA,2024,280.55085747145716,329.0974995888166
Iron And Steel,China,2022,151.67594895410454,160.75795401835205
Iron And Steel,USA,2024,169.90696430252189,103.60822796148354
Iron And Steel,USA,2019,305.68981075687515,459.24367128184485
Motor Vehicles/Cars,China,2022,376.2603234536533,449.72178998569433
"Pearl, Precious, Semiconducting Stones",USA,2019,196.09503228782262,351.9906759758375
Iron And Steel,China,2018,264.35007471674686,322.18268508986904
Iron And Steel,UK,2020,18.05168979612279,18.26599478992363
Motor Vehicles/Cars,Netherlands,2024,274.81419448709795,301.81033915647805
Petroleum Products,UAE,2018,735.711152303482,956.7215929384975
Petroleum Products,Netherlands,2018,769.6837386719696,1267.9191819230177
Iron And Steel,USA,2018,408.3630119708858,644.0638595459168
"Aluminium, Products Of Alumin",China,2020,382.56528881433445,201.7453742932875
"Pearl, Precious, Semiconducting Stones",Bangladesh,2024,148.3036981789126,75.83425258164117
Telecom Instruments,Germany,2021,359.98887092933103,664.9159405294952
"Pearl, Precious, Semiconducting Stones",Nepal,2021,142.23695785462533,268.9063391442737
Marine Products,Nepal,2021,43.4841233660733,82.6917588840082
Petroleum Products,Saudi Arabia,2024,638.0329086159729,416.08119356252934
Iron And Steel,UK,2020,198.46172960103968,175.6713474267656
Petroleum Products,Saudi Arabia,2021,411.36623539369106,395.29619176582435
Iron And Steel,Germany,2019,403.4826899380051,528.0547083040136
Marine Products,Germany,2020,130.03261806915344,184.0612586445319
"Pearl, Precious, Semiconducting Stones",Germany,2021,397.0052134063014,360.85233108949507
Iron And Steel,Bangladesh,2019,212.63905974742224,145.19614629889375
"Pearl, Precious, Semiconducting Stones",USA,2019,98.76318127199336,150.28563975409872
Electric Machinery And Equipme,Germany,2018,98.9047903708572,127.36415674348957
Petroleum Products,UK,2022,1072.298004731976,708.054869445568
Gold And Oth Precious Metal Jewelry,Nepal,2018,287.9829876181627,254.82006925200815
"Drug Formulations, Biologicals",USA,2022,578.201002639697,708.4803679531303
Petroleum Products,Singapore,2023,1316.0431355169394,1744.2043634344252
Electric Machinery And Equipme,UAE,2018,31.27214109886139,45.33606928120237
"Pearl, Precious, Semiconducting Stones",UAE,2019,476.18763768126195,667.8139859955395
Gold And Oth Precious Metal Jewelry,Bangladesh,2019,411.4025411191272,751.3484494028006
Iron And Steel,UAE,2024,170.46272355696766,139.44997316892008
Electric Machinery And Equipme,Singapore,2022,371.2568214443831,414.5240955575702
Telecom Instruments,u.a.e.,2020,337.2256307237544,623.8791135426638
"Drug Formulations, Biologicals",Nepal,2023,238.12941861583147,203.6734820516164
Iron And Steel,Netherlands,2020,313.9660019755938,286.4026294375137
Petroleum Products,Saudi Arabia,2023,1342.5133022330328,1524.5680143992051
Electric Machinery And Equipme,UK,2021,370.80939571810256,238.54278584821017
Iron And Steel,USA,2020,252.55285527321664,297.419253414469
"Aluminium, Products Of Alumin",UK,2024,416.41340573837516,313.1517555583978
Iron And Steel,Germany,2021,408.1749485249142,732.3457033329378
Petroleum Products,Netherlands,2024,406.70875715568025,261.74630045381014
Iron And Steel,UAE,2019,21.582907162704835,31.57487052410642
"Drug Formulations, Biologicals",u.a.e.,2024,430.4665087569036,568.2356442746384
"Pearl, Precious, Semiconducting Stones",USA,2021,136.01948480651075,147.76599065952155
"Aluminium, Products Of Alumin",Singapore,2019,301.2934042412248,375.15556915046113
"Pearl, Precious, Semiconducting Stones",UAE,2020,395.21192392423586,278.4898876236577
Telecom Instruments,Saudi Arabia,2024,490.8691640766493,543.1360056181064
"Pearl, Precious, Semiconducting Stones",Singapore,2024,307.7449358389717,485.1280854454831
Petroleum Products,UAE,2023,1135.2045709840586,2255.5197880911333
Telecom Instruments,USA,2018,72.91320183252137,47.84305273365182
Petroleum Products,Bangladesh,2023,1186.0095662775202,1621.9634080078051
Motor Vehicles/Cars,UAE,2019,144.33872661430487,89.36429918972534
Marine Products,Netherlands,2018,51.972542302250964,95.696330740777
"Drug Formulations, Biologicals",UAE,2023,135.21948584583924,133.1989474725595
Petroleum Products,Saudi Arabia,2021,332.9195020008664,343.7375410250069
Electric Machinery And Equipme,Germany,2023,57.22298782926147,73.16472206133517
"Drug Formulations, Biologicals",Nepal,2022,51.75618739222236,88.01319579526941
"Drug Formulations, Biologicals",UAE,2021,136.97081214972343,179.43421184572207
Iron And Steel,Netherlands,2020,352.99100232409165,521.126283497101
"Pearl, Precious, Semiconducting Stones",Nepal,2021,298.26424695116975,294.237867426291
Petroleum Products,Saudi Arabia,2021,476.22007784592176,716.3447338049278
Gold And Oth Precious Metal Jewelry,UAE,2019,497.12828699837206,742.0926175765039
"Pearl, Precious, Semiconducting Stones",Netherlands,2022,339.9766494135746,542.5944932519736
Marine Products,Germany,2018,237.95075001902188,140.44174830414767
"Drug Formulations, Biologicals",Saudi Arabia,2022,342.630527736211,663.4827487735319
Motor Vehicles/Cars,UAE,2019,95.89844175525323,147.20481162743482
"Drug Formulations, Biologicals",Netherlands,2024,151.84051042011274,197.96077887148604
"Drug Formulations, Biologicals",Singapore,2023,74.5828984249604,87.67640390122801
"Drug Formulations, Biologicals",Bangladesh,2021,418.57203427453766,427.51159707218756
"Aluminium, Products Of Alumin",UK,2021,369.3874194986106,625.4375222838888
"Pearl, Precious, Semiconducting Stones",Germany,2020,371.45370523594545,316.46485868219906
Petroleum Products,Germany,2021,565.5781965530427,412.0938591943544
Petroleum Products,Nepal,2023,1613.0299771872126,3049.4355138087813
"Aluminium, Products Of Alumin",Singapore,2024,384.41059137246384,677.7350706560479
Marine Products,Saudi Arabia,2023,344.85023152229087,494.9906190837535
Petroleum Products,USA,2019,134.17742934212038,219.09907989166618
Marine Products,UAE,2023,94.3534890756446,164.09028922798564
Petroleum Products,UAE,2021,1081.2828481358451,1690.1716521329788
"Pearl, Precious, Semiconducting Stones",UK,2023,36.03416239427347,34.40154580380139
Electric Machinery And Equipme,Nepal,2023,180.6027070332069,187.86376865245904
Iron And Steel,USA,2022,63.53393509713706,121.05989382438409
"Pearl, Precious, Semiconducting Stones",USA,2023,365.7720273337837,350.5143834306049
"Drug Formulations, Biologicals",Saudi Arabia,2018,204.52094336639888,239.45389987304824
Iron And Steel,Germany,2021,334.72034568137275,426.2727672897027
Marine Products,Nepal,2018,460.5020668750645,573.5300999968807
Electric Machinery And Equipme,Singapore,2019,496.1574272634232,881.7399384457249
Petroleum Products,Singapore,2024,392.5955321228309,744.319051287548
"Pearl, Precious, Semiconducting Stones",Bangladesh,2018,67.01953496388329,115.68741646110406
"Pearl, Precious, Semiconducting Stones",Netherlands,2022,235.8064965642291,428.451321148382
"Drug Formulations, Biologicals",Germany,2020,348.2782225221206,595.1685100186512
Motor Vehicles/Cars,Nepal,2023,516.2493879275981,494.0603225743057
"Aluminium, Products Of Alumin",UK,2018,49.65044869511357,54.837444383947805
Petroleum Products,Netherlands,2022,285.08103703016775,439.716584179421
Iron And Steel,UK,2023,233.46552580456938,458.38978568837706
Petroleum Products,China,2021,891.2098742228351,1545.1091366123756
Telecom Instruments,Netherlands,2024,104.91192550090801,188.10936146778775
"Aluminium, Products Of Alumin",Nepal,2018,462.1510233515632,568.7197580024025
"Drug Formulations, Biologicals",Nepal,2023,399.1831213473726,657.5403060159667
Electric Machinery And Equipme,China,2018,95.67092735760215,119.95690756939476
Electric Machinery And Equipme,Germany,2020,164.27590688674675,118.20653390400393
Electric Machinery And Equipme,Singapore,2018,190.09186692285041,114.48443580672115
Petroleum Products,Nepal,2018,56.61958601312156,39.7893820088747
"Aluminium, Products Of Alumin",Singapore,2024,674.6969665501732,893.4973496222253
Marine Products,Bangladesh,2018,483.2528589650778,555.1351837815889
"Drug Formulations, Biologicals",Singapore,2022,195.34788625413262,245.9845577029225
Marine Products,Netherlands,2022,270.43287291615115,178.07924265409773
"Drug Formulations, Biologicals",Germany,2019,324.00489419820104,266.99858979929223
Gold And Oth Precious Metal Jewelry,Germany,2018,313.5980978999365,462.6517876927509
Iron And Steel,Saudi Arabia,2018,84.49217803303758,50.02143444066135
Petroleum Products,UAE,2018,981.4329429338387,1167.6113960601444
"Drug Formulations, Biologicals",Bangladesh,2022,46.20031175721977,92.04485689361039
"Pearl, Precious, Semiconducting Stones",Bangladesh,2018,38.312474888219654,59.0990170722168
Telecom Instruments,Bangladesh,2021,541.20294071698,464.76893400246905
Iron And Steel,Netherlands,2021,87.67240972239875,59.799370075956986
"Pearl, Precious, Semiconducting Stones",UK,2023,206.18626900055835,134.34452265591034
"Pearl, Precious, Semiconducting Stones",Bangladesh,2020,279.32724594409973,165.76331759691422
Gold And Oth Precious Metal Jewelry,Germany,2018,259.6168427933969,517.9473570258308
"Drug Formulations, Biologicals",Netherlands,2024,572.3836048811288,814.4040822119779
Telecom Instruments,Germany,2020,128.0514193483518,183.86183071818274
"Pearl, Precious, Semiconducting Stones",USA,2020,214.60025385336746,244.45653044504706
"Pearl, Precious, Semiconducting Stones",Bangladesh,2018,74.04808460269774,135.50105821020065
Petroleum Products,UAE,2021,-50.0,501.75720915533117
Iron And Steel,China,2018,190.20208192987192,213.2535526450928
Petroleum Products,Netherlands,2018,1038.733922069421,1662.4121752453214
Telecom Instruments,Bangladesh,2024,541.7431570379591,279.83574654552336
"Pearl, Precious, Semiconducting Stones",UAE,2021,235.30700501889146,287.5489785664464
Gold And Oth Precious Metal Jewelry,Germany,2022,23.285058771957328,20.717178139017072
Electric Machinery And Equipme,Saudi Arabia,2022,459.0504159958154,323.935609175849
Iron And Steel,Germany,2019,272.3019644117699,224.05082094896107
Petroleum Products,UAE,2021,43.832743832646194,37.775154470855455
Petroleum Products,USA,2020,976.3562798118528,1662.0568289397452
"Pearl, Precious, Semiconducting Stones",China,2018,480.1925557173064,591.4920981136877
"Pearl, Precious, Semiconducting Stones",Saudi Arabia,2023,82.90195855756974,109.59135154797114
Telecom Instruments,Singapore,2019,232.64489393438083,410.97549290224214
"Pearl, Precious, Semiconducting Stones",USA,2018,58.06046458427985,71.55149315910214
"Aluminium, Products Of Alumin",Netherlands,2022,100.22861484006275,98.92703505618766
"Pearl, Precious, Semiconducting Stones",Nepal,2021,408.43546471202404,495.8517611761328
"Drug Formulations, Biologicals",Bangladesh,2024,271.85936360999773,296.7927868819338
Motor Vehicles/Cars,Singapore,2020,188.10313321514678,315.5476738897874
"Drug Formulations, Biologicals",Saudi Arabia,2019,447.12149758071484,864.2867623710162
Iron And Steel,USA,2021,435.1409251916041,423.44013523720514
"Aluminium, Products Of Alumin",UAE,2023,451.34180777712737,521.9337815386824
Telecom Instruments,Saudi Arabia,2024,188.70404672359112,332.36582808058927
"Drug Formulations, Biologicals",u.a.e.,2024,40.360475388154946,74.77355172841047
Gold And Oth Precious Metal Jewelry,Netherlands,2022,283.3487491993437,412.4997367620731
Petroleum Products,Saudi Arabia,2019,832.7085547020838,1534.4125775789437
Motor Vehicles/Cars,Singapore,2023,418.55858754051104,594.7300548915366
"Pearl, Precious, Semiconducting Stones",Germany,2021,,
Gold And Oth Precious Metal Jewelry,Bangladesh,2018,83.58281040035041,134.24658551097087
Marine Products,Bangladesh,2021,287.08761531803157,436.47126416802575
Motor Vehicles/Cars,USA,2020,24.335777036134633,15.263107913469844
"Drug Formulations, Biologicals",UK,2023,469.29799819592864,285.3925509761545
"Pearl, Precious, Semiconducting Stones",Netherlands,2021,49.40737626547439,25.601060120634088
"Aluminium, Products Of Alumin",China,2021,526.5542536834198,845.784372542041
Iron And Steel,Saudi Arabia,2024,256.330466232416,242.1818888251557
Motor Vehicles/Cars,Singapore,2024,253.89641560565278,421.9708401575721
"Aluminium, Products Of Alumin",Germany,2024,467.70023919430423,363.77413668116174
Iron And Steel,UK,2018,95.31357431370132,61.72444876350489
Petroleum Products,UAE,2023,1084.032081124381,1784.9227722364083
"Pearl, Precious, Semiconducting Stones",UK,2018,139.87274987925198,74.33081888288731
Iron And Steel,UK,2023,65.34335218248422,127.53650477158753
"Pearl, Precious, Semiconducting Stones",Germany,2024,216.6751173495103,358.3448324134361
"Pearl, Precious, Semiconducting Stones",USA,2020,252.86811899087138,271.3045968660542
"Drug Formulations, Biologicals",Germany,2022,132.9441101709864,90.67846910906152
Telecom Instruments,Singapore,2021,342.4919897729491,569.2047922004418
"Pearl, Precious, Semiconducting Stones",China,2023,423.16700950570026,548.1930565451597
Telecom Instruments,China,2020,24.444879585201416,47.73432711447115
"Aluminium, Products Of Alumin",China,2020,321.09596312859327,301.58394241395547
"Pearl, Precious, Semiconducting Stones",Saudi Arabia,2018,490.1854613858368,687.6431377662005
Marine Products,Germany,2020,236.30968201724065,383.3202437435487
"Drug Formulations, Biologicals",China,2019,407.7671961641674,605.4192596620701
Iron And Steel,Netherlands,2018,72.766915719438,73.30548250870824
"Pearl, Precious, Semiconducting Stones",Germany,2020,371.80878700781153,311.17548077792577
Petroleum Products,USA,2023,625.17598546124,717.7741293651079
Petroleum Products,Nepal,2023,732.2524460884151,1039.36598592325
Petroleum Products,Bangladesh,2023,1534.3482716084468,1321.1338053876543
"Drug Formulations, Biologicals",USA,2019,69.53567438744986,55.36470271977116
"Drug Formulations, Biologicals",Netherlands,2021,489.0525212127963,718.2793698396681
"Drug Formulations, Biologicals",Netherlands,2019,150.09432672718847,258.75067303800165
Petroleum Products,UK,2021,1188.1960700997302,2102.8355508221557
Petroleum Products,UK,2019,1150.6850037084544,1010.7174407046405
"Pearl, Precious, Semiconducting Stones",Netherlands,2018,379.97054508567635,452.4724382619457
Motor Vehicles/Cars,UAE,2024,591.6110072825821,942.2801586086196
Motor Vehicles/Cars,Bangladesh,2022,468.55109854183803,695.4435740709649
Petroleum Products,Nepal,2019,242.3502426003909,319.30623032782034
"Pearl, Precious, Semiconducting Stones",UAE,2018,492.48817236700904,938.7228896852203
"Drug Formulations, Biologicals",Nepal,2022,37.38615664864286,27.935767102638344
"Aluminium, Products Of Alumin",UAE,2021,82.00180889200887,130.29840320308242
Telecom Instruments,Singapore,2020,328.5718493039225,269.5166613661182
"Pearl, Precious, Semiconducting Stones",China,2019,257.8678195463962,454.1192948521496
Marine Products,Germany,2020,295.25820554837026,387.7790791868141
Electric Machinery And Equipme,Singapore,2023,389.0514788222383,491.19337324011
Petroleum Products,USA,2020,311.59748229244417,419.88788676831524
Petroleum Products,Netherlands,2019,868.8844950113611,1572.6673586000315
Iron And Steel,Netherlands,2019,321.7827634498316,528.2650689913119
Telecom Instruments,Netherlands,2021,97.27861124051485,115.98881079911236
Telecom Instruments,Germany,2023,18.94424182985843,16.481837010647983
Electric Machinery And Equipme,USA,2019,365.9662404053724,727.4365588406289
Iron And Steel,USA,2020,46.877815038188636,51.670671935838655
Marine Products,UK,2024,562.8486845276234,453.6861250852634
"Pearl, Precious, Semiconducting Stones",USA,2019,281.99162515812026,451.0757617653263
Petroleum Products,Netherlands,2022,935.4986118824633,731.5946232896672
Iron And Steel,China,2023,239.379970252816,401.1260662081819
Iron And Steel,Germany,2021,309.72809111715696,157.29368288846865
Iron And Steel,USA,2018,382.88547241376597,211.72304343367838
Gold And Oth Precious Metal Jewelry,UAE,2018,375.4095535383037,301.72448180687803
"Drug Formulations, Biologicals",Singapore,2019,479.4560052584963,504.3451068159091
Gold And Oth Precious Metal Jewelry,Singapore,2024,238.27508880792226,172.3520145270636
Gold And Oth Precious Metal Jewelry,u.a.e.,2018,159.7460655902053,289.93529794316936
Telecom Instruments,UAE,2022,597.8445905248215,629.2100859407948
Marine Products,Netherlands,2024,321.7468928348162,509.35956757698494
Gold And Oth Precious Metal Jewelry,Bangladesh,2021,488.6595256706752,679.0249074034306
Iron And Steel,Saudi Arabia,2018,201.84759210713636,225.8538835927313
Gold And Oth Precious Metal Jewelry,UK,2019,350.8528917834354,177.1201515298415
"Drug Formulations, Biologicals",Saudi Arabia,2021,344.9586528908542,356.42491143637466
"Drug Formulations, Biologicals",Nepal,2018,399.1566923257713,255.25510047647353
"Pearl, Precious, Semiconducting Stones",Saudi Arabia,2024,417.50675512659586,509.96752340362343
Marine Products,UAE,2023,422.1613600016299,252.14870247270107
Telecom Instruments,Netherlands,2023,382.4496725917196,513.3342315414844
Telecom Instruments,Netherlands,2022,341.66813551670845,480.12282653836377
Petroleum Products,UAE,2019,853.6732231022937,1457.6329424302078
Marine Products,Singapore,2022,170.65458343539004,296.5249868295341
"Drug Formulations, Biologicals",Singapore,2020,203.31622744727383,125.15891163439369
"Aluminium, Products Of Alumin",UAE,2022,46.42794639545976,46.49097131332385
"Drug Formulations, Biologicals",Nepal,2023,512.9793744200048,801.0282719985412
Marine Products,USA,2024,554.9898657652708,708.113559181221
Gold And Oth Precious Metal Jewelry,Nepal,2020,180.55800719855233,130.2146051669931
Marine Products,USA,2024,239.14022897598772,275.2573503982442
Petroleum Products,USA,2020,106.82842108602489,88.76565041427769
Marine Products,Bangladesh,2023,394.0695123186016,631.8883631478327
"Pearl, Precious, Semiconducting Stones",USA,2023,648.947364757309,1232.7858384716276
"Drug Formulations, Biologicals",Netherlands,2021,357.3426425494683,404.46616007411853
Petroleum Products,Bangladesh,2024,1126.044180474619,1890.0397388668794
Petroleum Products,China,2020,135.96946710491957,151.58655767601752
Motor Vehicles/Cars,Nepal,2021,463.6534319575977,498.7749141720561
"Aluminium, Products Of Alumin",UAE,2018,290.2174129013214,400.98006138879623
Marine Products,Nepal,2018,100.39336403548329,104.74573385827003
Gold And Oth Precious Metal Jewelry,China,2023,226.0836909286108,121.92581829697076
Motor Vehicles/Cars,Nepal,2024,30.595550029469695,53.467117778451104
Iron And Steel,UAE,2021,158.1851665753459,202.021147192628
Marine Products,China,2020,125.10042484679906,239.0692722361425
Marine Products,Netherlands,2022,164.46649421307495,188.2294716654419
Petroleum Products,Nepal,2024,1531.7323795810921,2700.291548357366
"Drug Formulations, Biologicals",Germany,2018,101.18969474467589,172.42369463296433
Petroleum Products,UK,2024,820.7905107554858,1005.0196561746524
"Pearl, Precious, Semiconducting Stones",USA,2024,105.56726107733743,65.5469521077092
Petroleum Products,China,2021,1008.3982161471487,1255.1449187057374
"Drug Formulations, Biologicals",Germany,2019,224.05684428143798,357.20538952451557
Electric Machinery And Equipme,UAE,2024,539.1418487079013,398.0819892920113
Electric Machinery And Equipme,UAE,2023,401.7134202172575,282.41703710683447
"Pearl, Precious, Semiconducting Stones",USA,2023,491.6259298005021,730.2772492058509
Electric Machinery And Equipme,USA,2021,526.6152807639838,317.77915809868813
Telecom Instruments,Germany,2024,53.13953870976046,49.06270582346029
"Pearl, Precious, Semiconducting Stones",Netherlands,2023,216.04534436772855,310.85404912255217
"Drug Formulations, Biologicals",Saudi Arabia,2021,187.2708740825857,281.1666323106606
Gold And Oth Precious Metal Jewelry,Bangladesh,2024,575.0342722960648,391.2036261656852
Iron And Steel,Netherlands,2019,131.08058466497175,96.91010725661981
Petroleum Products,China,2021,476.8901338538168,523.2691493013848
"Drug Formulations, Biologicals",Singapore,2023,586.7470873751718,664.5388319798225
Telecom Instruments,Nepal,2020,53.984810073258636,37.129601860516985
"Aluminium, Products Of Alumin",China,2019,432.40089898476356,763.9763282377904
Telecom Instruments,Bangladesh,2021,541.20294071698,464.76893400246905
Motor Vehicles/Cars,Nepal,2020,347.8923488834007,650.5102758283687
"Drug Formulations, Biologicals",Saudi Arabia,2022,342.630527736211,663.4827487735319
"Pearl, Precious, Semiconducting Stones",Nepal,2022,97.19818478963917,119.95997215370588
"Drug Formulations, Biologicals",UK,2020,313.70158764619316,175.4935264417819
Gold And Oth Precious Metal Jewelry,Nepal,2020,180.55800719855233,130.2146051669931
Electric Machinery And Equipme,Singapore,2023,389.0514788222383,491.19337324011
"Pearl, Precious, Semiconducting Stones",Netherlands,2021,49.40737626547439,25.601060120634088
Gold And Oth Precious Metal Jewelry,UK,2018,354.99908636861954,290.90266733169346
"Pearl, Precious, Semiconducting Stones",Nepal,2021,408.43546471202404,495.8517611761328
Petroleum Products,Saudi Arabia,2024,638.0329086159729,416.08119356252934
"Pearl, Precious, Semiconducting Stones",UAE,2021,156.12210148171633,166.41464534035464
